bids_name	cjv	cnr	efc	fber	fwhm_avg	fwhm_x	fwhm_y	fwhm_z	icvs_csf	icvs_gm	icvs_wm	inu_med	inu_range	qi_1	qi_2	rpve_csf	rpve_gm	rpve_wm	size_x	size_y	size_z	snr_csf	snr_gm	snr_total	snr_wm	snrd_csf	snrd_gm	snrd_total	snrd_wm	spacing_x	spacing_y	spacing_z	summary_bg_k	summary_bg_mad	summary_bg_mean	summary_bg_median	summary_bg_n	summary_bg_p05	summary_bg_p95	summary_bg_stdv	summary_csf_k	summary_csf_mad	summary_csf_mean	summary_csf_median	summary_csf_n	summary_csf_p05	summary_csf_p95	summary_csf_stdv	summary_gm_k	summary_gm_mad	summary_gm_mean	summary_gm_median	summary_gm_n	summary_gm_p05	summary_gm_p95	summary_gm_stdv	summary_wm_k	summary_wm_mad	summary_wm_mean	summary_wm_median	summary_wm_n	summary_wm_p05	summary_wm_p95	summary_wm_stdv	tpm_overlap_csf	tpm_overlap_gm	tpm_overlap_wm	wm2max
sub-CON02_ses-postop_T1w	0.6001008979665532	2.228114243685557	0.6358005235433907	5204.36779300567	3.8021333333333334	3.98212	3.95956	3.46472	0.22547061457954273	0.3883834819487745	0.3861459034716828	1.407240629196167	0.5361891508102417	0.0	0.010923511832310922	23.80019689760639	13.233850714631318	15.667358477494059	160	256	256	4.468134296370122	13.365760070202509	12.595431264073923	19.952399425649137	47.071381150112956	108.50033038879529	95.8330242682714	131.92736126590597	1.0	1.0	1.0	8.73404340958011	4.965887225869901	7.697914110175743	6.698880068957806	2042767.0	0.0	20.426093325018883	7.3417138801703885	2.4903652524453186	63.416822113977915	374.3999386014731	356.7977269515395	53611.0	278.38788483291864	532.6158743351698	79.85310548337542	0.43683833786247517	59.42783073582013	822.4358878168366	822.4248005971313	10935.0	721.3266204088926	922.2106591980904	61.52939976926513	0.4926901812390665	47.13522465210939	1001.0077344753782	1000.0000312775373	203182.0	920.2723766863346	1085.6029331423342	50.11916356992179	0.18624061346054077	0.4141477942466736	0.5035398006439209	0.44287729196050774
sub-CON03_ses-postop_T1w	0.46074097379422563	2.8398056231545	0.6170696571779146	7247.190926275992	3.6072827144085	3.7950181432255	3.66626	3.36057	0.18801952750886267	0.40051589909992785	0.41146457339120945	1.2675273418426514	0.42700398564338693	0.0	0.0140780775559124	29.245445794358425	14.172367035155506	16.516912956975087	160	256	256	3.980040140652285	12.835971752157326	12.958863625002088	22.060578982196656	42.49826937130472	82.80262954303278	77.00130309656684	105.703010375363	0.9999978542327881	1.0	1.0	9.905426329207497	6.198124520081175	6.222607961679361	4.2539148181676865	2075911.0	0.0	17.015659272670746	6.424880011622701	0.9551156384059265	86.66500425446837	422.8238593045492	402.0682936757803	24369.0	293.0067189410329	614.9547273173927	101.01909272197543	0.22310184295800006	59.15403050744139	785.2046196193023	783.3804167732596	12126.0	688.0523859988898	890.4617208167911	61.027566089228074	0.7170755393765016	40.668395973865955	999.0205316315819	1000.036699064076	203446.0	921.7059917226434	1072.2799076139927	45.33127811936846	0.17393548786640167	0.42684176564216614	0.48739174008369446	0.4830803113843183
sub-CON04_ses-postop_T1w	0.47536425947927363	2.7413244187668138	0.5685698219504155	8827.566116042077	3.5013925602919245	3.744527680875773	3.50371	3.25594	0.2355576620084911	0.38953547837783664	0.37490685961367226	1.236701250076294	0.3872220754623412	0.0	0.017409446062317896	24.047940716260563	13.959147697615544	17.165629708761553	160	256	256	4.376206505385301	12.96405909470474	13.59405072769134	23.44188658298398	43.83703701279686	94.9821352489729	86.10860044570192	119.506629075336	1.0000059604644775	1.0	1.0	7.428541083514103	5.482008700075423	4.9793709749738495	3.744963277131319	2579495.0	0.0	14.885043911635876	5.105800843932637	2.2960774465896385	66.34636170347692	383.791188440315	366.81678276509047	45814.0	282.86323891952634	550.9362431243062	83.81980579882227	0.3284547704132934	57.842220002077866	796.8518734284252	794.7854975238442	9673.0	699.6729112043977	902.9627911746502	61.303671016754215	0.612863527525203	39.70942199413608	999.8080657694777	1000.0000041909516	188288.0	929.6041755005717	1069.4951455108821	42.658569528564975	0.17426858842372894	0.425246924161911	0.48350876569747925	0.4935541985447229
sub-CON05_ses-postop_T1w	0.4988442363830929	2.654489911662198	0.5945010730483233	10067.629883565258	3.546222464870438	3.6425973946113146	3.72457	3.2715	0.19305449652189322	0.40318473115418907	0.4037607723239177	1.4075392484664917	0.4891450226306915	0.0	0.008554369621982928	25.823572280212087	12.429432522146518	14.581455855724442	160	256	256	3.5656346427906267	12.306913056877743	12.794910921162158	22.512185063818105	47.89114292195708	95.09988460162513	87.69788205548446	120.10261864287112	1.0000007152557373	1.0	1.0	8.125743738895478	5.454804990809557	6.174688978704834	3.6792100556194782	2539428.0	0.0	18.302905719727278	6.174719677905387	0.5176574843945363	99.01506780785957	425.5842295564719	398.75185438245535	30662.0	286.3263724297285	634.4541593380272	111.83012055294013	0.2553247712766997	62.35049248988646	795.3179756333462	791.8218907043338	10127.0	696.0320268765092	909.0862324643876	64.33642551033438	0.506029721459472	41.497946828817014	999.4049629151749	999.9999786615372	202715.0	924.9114929314703	1071.348710373044	44.420277698797285	0.17407739162445068	0.4266904890537262	0.48112228512763977	0.49855902116740625
sub-CON06_ses-postop_T1w	0.6298233956645419	2.0845554089204423	0.588012677137224	3705.5512795080344	3.733988917599627	3.891356752798883	3.85441	3.4562	0.2967909587217448	0.3526987769660551	0.3505102643122001	1.486006498336792	0.5308080911636353	0.0001051984323951905	0.02195497453255146	16.825968708970137	12.41635976570487	14.986479553603338	160	256	256	4.641502446189453	12.321074617965209	11.879705537347357	18.67653954788741	29.849800686528994	67.97354654121804	60.231650255429486	82.87160353854142	1.0000008344650269	1.0	1.0	7.064140151562372	7.905438658953066	12.162335543593723	10.614441633224487	3144930.0	0.0	36.62729859352112	11.798619439144009	2.5603500086843916	58.441139992821256	373.83811991853827	360.1933526992798	101766.0	276.4239799976349	527.3832666873932	77.60236844796209	0.27098421590003463	62.615507135165636	823.6592966691345	820.2272397279739	11946.0	719.4897103309631	940.6488275527954	66.56829325510171	0.4548305620184161	50.60958393815748	1002.147240817725	1000.0000011920929	206401.0	917.5761210918427	1093.6363196372986	53.54297974505597	0.1462859958410263	0.3728885352611542	0.4441260099411011	0.5273988803910746
sub-CON07_ses-postop_T1w	0.44445298573645936	3.0162208721525583	0.5528085791194985	23235.32333717801	3.540760215950051	3.6230406478501527	3.62339	3.37585	0.2034172647469035	0.394970116293196	0.40161261895990047	1.2456459999084473	0.30623917579650883	0.0	0.012675000802330758	24.3922736950091	12.683912059052727	14.85194712132091	160	256	256	3.9406551926196847	13.548516582208537	13.714342529101872	23.6538558124774	37.31310109988789	77.8623436744787	71.5330227982525	99.42362362039093	0.9999998211860657	1.0	1.0	74.13897751891623	6.58934317617518	6.143354090728241	4.444444432854652	3545357.0	0.0	17.77777773141861	6.430511903800159	1.297886777594421	73.38719458955886	399.14214198074274	375.29411666840315	32071.0	283.70370296388865	586.9934625215828	95.23499197213836	0.13746467144596775	56.84923524543292	783.5578761324236	783.1372528597713	10502.0	689.4182988557965	879.4727645911275	57.79968324003045	0.5434486437609518	39.53605905705108	999.6608542996346	999.9999973922968	226053.0	929.3246163129807	1068.4531562551856	42.276311881113706	0.16833390295505524	0.4157845377922058	0.4981284439563751	0.574480732310487
sub-CON08_ses-postop_T1w	0.6471929533713265	2.060136214761928	0.6463201713668342	4383.518437378432	3.527638824190626	3.6987764725718764	3.63172	3.25242	0.2700572833194997	0.3625027492723076	0.36743996740819274	1.3149617910385132	0.44019243121147156	2.5959221030529157e-06	0.018196435525045865	20.221841439475284	13.535424159945093	15.952173779692988	160	256	256	4.163355509759072	11.900459419655675	11.330614965848637	17.928029968131163	45.394497703436144	98.99368362635681	88.52782951232246	121.19530720717444	1.0000009536743164	1.0	1.0	6.913891067591871	5.405891196935429	9.74063955563662	7.24316318705678	2485713.0	0.0	28.77555987238884	9.243659303438239	1.211485246827225	74.58668800096045	393.6363992945703	374.5750105306506	62586.0	280.11824978515506	572.5548043102026	89.9687805084761	0.16197087319423975	65.7473253681336	819.5098061623044	816.8514239117503	5859.0	710.805602066964	936.7922935031354	68.63446889048416	0.4589490655744384	52.817018045733995	1000.5859526754908	1000.0492520034313	177959.0	910.1256274022162	1093.5205483697355	55.78116747924102	0.1649044156074524	0.3933047354221344	0.48598670959472656	0.4734410168270168
sub-CON09_ses-postop_T1w	0.5549361728496506	2.332589898885042	0.6597466680283397	5698.252820469752	3.649658662537579	3.7398159876127375	3.83614	3.37302	0.22529371388001668	0.3813664182775386	0.39333986784244473	1.2764339447021484	0.4034993648529053	0.0	0.022993987207179042	18.97954632552877	10.74336428990029	12.433381587155623	160	256	256	4.132661573435633	11.881131693686786	12.211167040504284	20.61970785439043	48.20730618292394	111.01427886079276	99.03902194877294	137.89548080260218	1.000001072883606	1.0	1.0	6.347403505897066	4.750963396302021	6.4708505225767015	6.358087528496981	1806796.0	0.0	19.175991985946894	6.424702236176965	4.049749141851953	53.618015472551384	369.2624315346181	349.593084666878	72774.0	276.380978393741	552.7975620776415	84.59213911841535	0.41928407655819955	63.157648323856236	809.1607353060296	805.0610428582877	12766.0	704.3870849320665	931.0656214980409	67.75697227698703	0.7641623304623795	45.021034088766775	1002.0765867183089	1000.0000064820051	248686.0	926.8057028539479	1085.4527028650045	48.49719515785984	0.16015632450580597	0.4112190902233124	0.46576619148254395	0.4670916472062923
sub-CON10_ses-postop_T1w	0.7471743181790201	1.8000717092588592	0.6532709823731742	6005.338269896194	3.457153237711862	3.5955197131355865	3.61514	3.1608	0.2239096465619856	0.4039936479869134	0.372096705451101	1.384809970855713	0.5470589518547058	0.0	0.016906847866505703	21.71159721628436	11.761767373597873	14.700029276199016	160	256	256	3.397757800742479	11.726876541307904	10.422664334853865	16.14335866251121	49.76995428014891	109.84275423604825	97.32015826296407	132.34776627269505	1.0000028610229492	1.0	1.0	9.059761787576328	4.950402684743684	8.68210147024121	6.619412865489721	2152409.0	0.0	26.419072587043047	8.838146569419301	3.044044767643932	83.54890145128815	404.50785373719333	376.0763769596815	41382.0	278.483971349895	622.5733536617829	110.68235437181144	0.3106252291637217	66.96070999890141	832.598723376376	830.004078682512	10485.0	719.7000572159886	956.1712594762444	70.7745574252266	0.33444438764615736	60.09962557618648	1004.2758523356182	1000.0585525631905	180886.0	910.0814006924629	1113.2915177755058	61.948433974150795	0.17421138286590576	0.4273219108581543	0.4848146438598633	0.4180215475024486
sub-CON11_ses-postop_T1w	0.4840443487788023	2.7602765200336075	0.6240155811241831	4805.919890530343	3.7807094432922512	3.9929183298767534	3.83616	3.51305	0.22728903305739753	0.4007638718870793	0.3719470950555232	1.239473819732666	0.42385500073432913	0.0	0.009517910467055295	23.894646892169344	13.229259712978928	16.460566999705676	160	256	256	4.132547032152496	13.863811635607295	12.317550634439911	18.956293235559944	51.21081413554905	106.20142551779468	97.57451417596383	135.31130287454778	0.9999979138374329	1.0	1.0	16.994528284120822	4.8416973436068025	8.511851516722666	6.531350463628769	2548294.0	0.0	26.075160697102547	9.320394703517607	1.0933680730957862	81.41500302403438	394.53656125591425	378.4666387885809	42395.0	273.51286095380783	569.1971446737645	91.58085128647184	0.2515286803266079	54.897399111357124	785.381605771073	784.8673610985279	12177.0	693.5188886910677	878.8786148488521	56.61034307255842	0.6425784160930097	49.23633760190918	1001.1240083281999	999.999997138977	174920.0	916.2479877322912	1089.4794984906912	52.75277852367451	0.1706238090991974	0.4255117177963257	0.4855664372444153	0.47594452415112387
sub-PAT01_ses-postop_T1w	0.47140857941235487	2.8778080510155504	0.5887111571820539	7052.287781203259	3.6566736356100162	3.80352090683005	3.76887	3.39763	0.22920381713504562	0.39240200846499645	0.3783941743999579	1.3457229137420654	0.37167736291885345	2.1471398103952852e-06	0.00640066261714813	27.32658347315436	15.300984663954972	18.726995244364826	160	256	256	4.061994813609154	12.804981709169722	11.678533872155356	18.16862509368719	39.997674615929675	84.22479861761566	78.1161334887047	110.12592723256878	0.9999997615814209	1.0	1.0	7.5854525549328	5.94897472165415	8.665928416048478	7.848670333623886	3039574.0	0.0	27.514439821243286	9.117967501231846	1.8733098940653363	71.77993675138744	380.50965814520214	363.1994243711233	42555.0	265.4878880828619	555.3860227763649	89.41300361028192	0.022064512455359342	58.3784002905182	764.3853666883574	764.804420992732	7367.0	664.1342005506158	862.6350101456046	59.72304601028106	0.41212318490427036	52.49479891745366	1001.2395816611144	999.9999690800905	160893.0	913.2677525281906	1094.4221188127992	55.039765324202506	0.16461464762687683	0.41630393266677856	0.4808036684989929	0.5479326884298367
sub-PAT02_ses-postop_T1w	0.5330201329370593	2.458652256884279	0.6114509894226778	5081.847965934846	3.600523167617	3.669019502851001	3.82868	3.30387	0.18403899731968965	0.41065247743012495	0.4053085252501854	1.4040067195892334	0.498741090297699	0.0	0.008626307471314293	30.68230969367333	14.28403718290889	16.985205502697994	160	256	256	3.5029135769558137	12.467753724531121	12.810914013449112	22.462074738860405	54.92602851562041	104.33483499668706	96.22312983146787	129.40852598209614	1.0000028610229492	1.0	1.0	19.01525153452388	5.062543972156369	6.448087690585796	3.414634019136429	2069024.0	0.0	20.341462656855583	6.857795981739427	9.132765241317353	116.14922313261613	448.02672981621237	424.4390085786581	20423.0	295.2731597319245	653.6536341860889	121.16445579539406	0.22103992745923184	62.269290857523345	810.4950159206583	806.2438724040985	10967.0	712.1121685937047	925.8536240458488	64.66338136419611	0.594502941352872	41.00660617446659	1000.2697331402808	999.999962747097	189316.0	926.7316727936268	1074.4389843642712	44.51936578800564	0.1687055081129074	0.4420347809791565	0.5088930130004883	0.5123160593228434
sub-PAT03_ses-postop_T1w	0.5450407847918234	2.45899798193575	0.5818102490012665	8126.854519501562	3.599553333333333	3.76598	3.67221	3.36047	0.2171704410002321	0.37978538209909524	0.4030441769006726	1.2621862888336182	0.4074779927730561	0.0	0.01832748363933886	25.88579285469423	14.209369588116619	16.260949301341082	160	256	256	4.006687867486146	13.023116755886484	12.928382074894955	21.755341601312235	43.06993187835316	90.16045144440059	81.55192041158979	111.42537791201563	1.0	1.0	1.0	8.840888003901567	5.879885293956651	7.009026217428222	3.965922363102436	2766681.0	0.0	19.780649811029434	7.121342805539883	1.1591127660474871	80.7939794095525	407.25166787410853	386.55502539128065	36334.0	286.57461223751307	599.4589575838297	96.4761215927312	0.028344013594537643	61.266952939498935	807.8593503386169	809.1950480863452	7139.0	703.3832601986826	908.3480033643543	62.13093125179406	0.7030195752165964	42.75620294000577	1000.9422830889647	1000.0489415600896	204053.0	926.8017828539014	1077.8006046786904	45.96785972935768	0.1771756112575531	0.41490110754966736	0.5002270936965942	0.53104196374196
sub-PAT05_ses-postop_T1w	0.38534199869782515	3.435850067182877	0.6155449934805036	4812.722240550476	3.703847655771545	3.8294829673146356	3.834	3.44806	0.20027141611085136	0.39888621743560176	0.40084236645354687	1.212323546409607	0.30698289275169355	0.0	0.010053176316523416	28.410660938965087	14.524586622677822	17.235240774449778	160	256	256	4.283905105524542	14.438476766942482	14.073423698675361	23.497889223559056	46.99300531242798	99.31008429712072	92.01288130424142	129.73555430317555	0.9999992251396179	1.0	1.0	75.06947841878272	5.0497827728449565	6.268285757505099	3.4060267210006714	2339494.0	0.0	16.888215824961662	6.106243555130011	2.154159402027916	62.42092594211127	382.039001564467	362.2214805930853	31737.0	282.1798526495695	554.4443830668923	84.55270717111985	0.13597806995333572	51.725205485738265	764.5409314337094	765.4808525815606	14068.0	675.1028796583414	850.5913105688988	53.01484761843909	0.7489142412117662	38.64486538663293	999.7591201597082	999.999984100461	210133.0	928.9937881529331	1069.3977785408497	42.556912033173965	0.18020309507846832	0.43229326605796814	0.5148165822029114	0.5307423245763083
sub-PAT06_ses-postop_T1w	0.6604099458652803	2.021653375126993	0.5907441429905438	6150.8784394034865	3.7095828756353897	3.8394486269061705	3.88608	3.40322	0.2418716013718457	0.38542642975525704	0.3727019688728972	1.3742496967315674	0.45190975069999695	0.0	0.015359063127915159	24.780655544408997	14.647821829255868	17.798962127041122	160	256	256	4.007311903475263	13.575138329175607	12.539213057165108	20.035188938844456	52.247834673556156	122.86262281205796	107.1885926148981	146.4553203590802	1.0000003576278687	1.0	1.0	10.606481661633433	4.473285134260279	6.237959140866052	5.968778967857361	1752913.0	0.0	18.037518858909607	6.286957863715222	4.147694861865306	58.347197403394944	378.7187836135471	356.74932754039764	46584.0	280.2702475786209	564.9252520143984	89.02364153717897	0.16109990709028432	60.194858654502454	840.5558777792286	838.9086043834686	13846.0	741.6535822451115	944.2313167750835	61.79519421729376	0.4841471592482054	46.191531277687666	1002.7581758266894	1000.0000455379486	168852.0	924.8327851295471	1091.0403225421906	49.912036637774115	0.1792517453432083	0.4270133376121521	0.4974723756313324	0.48118924378235073
sub-PAT07_ses-postop_T1w	0.7678520085813397	1.7602642244841817	0.6425387505120438	8958.222574885936	3.6887920871151345	3.8416062613454054	3.87142	3.35335	0.23960157130364293	0.38536189992574454	0.37503652877061255	1.3800278902053833	0.541983938217163	0.0	0.00822387563632577	20.56306322322702	12.101964462630656	14.61513175931693	160	256	256	3.5068124640890885	12.250382333741943	11.384562159448086	18.396491680513225	41.15733477318592	94.66249234842854	82.6196308958178	112.03906556583895	1.0000035762786865	1.0	1.0	6.423481669246177	5.847717042141172	8.199073328681383	7.832897946238518	2218704.0	0.0	19.83223097026348	7.203615707779475	3.810633554716137	69.76079344638833	395.1798061753245	367.36846892535686	58546.0	279.2622551470995	618.2295249588788	104.7576211273057	-0.09895594539989405	68.44299805661005	846.1356328420021	844.9530337750912	10720.0	733.9008732117712	963.8380922846495	68.97038800217116	0.8671039377746399	50.652760294603105	1002.6726457268222	1000.0555236041546	212847.0	918.171186208725	1095.6613205224276	54.36108100030077	0.17011666297912598	0.4102356731891632	0.4752436876296997	0.4621808551272623
sub-PAT08_ses-postop_T1w	0.7315946696371279	1.8060092401415535	0.6496921147815381	3019.2366187565035	3.610270872351061	3.779982617053184	3.68575	3.36508	0.2278453603268887	0.3815444877532028	0.3906101519199085	1.3818937540054321	0.4601522505283355	0.0	0.014846546278133178	20.179754883231087	11.525447842010033	13.436533356436016	160	256	256	3.482221716604809	10.276839711651828	10.50009372292069	17.741219740505432	26.487189803758216	55.68827629671007	49.985533638187405	67.78113481409392	0.9999966621398926	1.0	1.0	159.75546040276583	9.665993091957123	12.536351378398452	6.899924039840698	2792807.0	0.0	40.149951696395874	13.823307925627816	0.35038623159561366	100.52632815635407	419.5644535648126	390.79648518562317	54845.0	279.91959557533266	632.8805917739866	112.22516951466605	0.15786624873789856	76.96546999470858	827.8424609963287	821.6342618465424	10656.0	707.310126721859	971.4495416879654	79.94633869318928	0.6501888452038425	53.565711717929055	1001.6427871391528	1000.0543448925018	238817.0	912.2025561332703	1096.2729706764221	56.3688554536071	0.17603611946105957	0.4197382628917694	0.4995989203453064	0.49776900402931396
sub-PAT10_ses-postop_T1w	0.6600721964963716	1.9974276596556537	0.5357019006992997	8634.797501929013	3.3012690274902354	3.496287082470706	3.41632	2.9912	0.21668919634048245	0.3931334549873549	0.39017734867216264	1.3883850574493408	0.4254443883895873	0.000191482171178958	0.019692820507962262	25.56120113342247	13.820940659223178	16.466153992214945	160	256	256	3.2741170421489594	12.49010640069391	11.4386122322751	18.551613253982428	43.2063154498489	94.50767778582716	83.92294880204315	114.0548531704534	1.0000008344650269	1.0	1.0	7.0972084363609405	5.744046442455636	8.036864542468297	7.694791171699762	3697007.0	0.0	23.084373515099287	7.45216730691926	1.1051679288934322	89.99006093180496	409.7920355795314	378.8204884529114	27095.0	273.6224692873657	641.7132978826761	115.69943679902562	0.20087432252600923	63.34406771263576	831.9683805961239	828.6160087622702	14001.0	729.3370597288013	949.6340880990028	66.3394202048287	0.6680805667670713	49.78173583461551	1002.1102110818625	999.9999939501286	184450.0	916.7563440017402	1094.5974966064095	53.90352146167557	0.16227753460407257	0.41467028856277466	0.4789884686470032	0.5464757255859087
sub-PAT11_ses-postop_T1w	0.5595101932973799	2.353744493298305	0.5577450629133364	6344.735207100591	3.2113441456371277	3.420602436911383	3.28328	2.93015	0.2592477670419205	0.3874530958059077	0.3532991371521718	1.3195483684539795	0.3563992381095886	0.0	0.019255860516239565	24.5715490972849	15.064967111245611	18.800468491507914	160	256	256	4.404975420212425	13.652593464172416	11.248331271032612	15.68742492871299	40.70662939241696	84.16652836201396	76.89407673928028	105.80907246340993	0.9999963641166687	1.0	1.0	146.0172326971081	6.191684325921166	8.868040479151798	8.30656261742115	3255543.0	0.0	25.05736568570137	9.693678445795909	1.0374514154041998	76.95379090787735	397.1614504198288	384.7177592366934	54083.0	276.5947673767805	558.6002736076709	87.33628812554376	0.2435824069632888	56.47360429136887	796.3279660977676	795.4566289931536	11943.0	701.3813654050231	893.5291390120983	58.26170157132997	0.7457222636204128	57.97049500752564	1003.0368476318812	999.9999968707561	134144.0	902.569983407855	1113.2560772873458	63.74508716824028	0.16847577691078186	0.40828603506088257	0.4734930396080017	0.5576312826287235
sub-PAT13_ses-postop_T1w	0.4265888384156777	3.06428005714118	0.5425895808766925	12095.25226437555	3.615595432036512	3.7082762961095357	3.80028	3.33823	0.21528094214906862	0.411562058469157	0.3731569993817744	1.3077335357666016	0.3729848027229308	0.0	0.022404621241842428	28.248705547652914	14.875667418492032	19.0227214630548	160	256	256	4.6606118003146655	13.957399397470159	14.649500086653253	25.330489062174934	52.76336457381004	111.38007484739703	101.82729512219576	141.33844594538022	1.000003695487976	1.0	1.0	8.40937464120537	4.6352310456855115	5.883687433490497	3.126415830105543	2642113.0	0.0	18.713184606283903	6.223756828839522	3.5700684786416605	61.87025787067183	389.961893258247	373.3121742643416	42396.0	295.42364075779915	547.7684431029484	80.09844791870933	0.30569910151316737	55.42124076363111	788.4599856255312	788.0380306839943	12251.0	696.1032811291516	881.1961603462696	56.45792925997271	1.0889949967345274	34.999353258002195	1001.7245563297756	999.9999618902802	169820.0	940.4168196208775	1069.7326280139387	39.47799883127238	0.16490033268928528	0.4245932996273041	0.49082282185554504	0.5414622178606477
sub-PAT15_ses-postop_T1w	0.7432018813278082	1.796464667759821	0.5826418654663389	8092.1269140625	3.550577850438954	3.631093551316863	3.73778	3.28286	0.178340325812953	0.403648185653215	0.418011488533832	1.4072537422180176	0.4639824330806732	5.584693472131582e-06	0.02337939809608779	28.0640779418776	12.944692681460703	14.881466454551697	160	256	256	3.4526646338710054	10.620646526784546	11.856364460361482	21.495782220428893	65.36530056049182	132.1146113114226	118.53574827832044	158.12733296304688	1.000004529953003	1.0	1.0	6.974291794105822	4.143093763593835	5.92235732438563	5.588948555290699	2297261.0	0.0	16.81957159563899	5.7491426625735995	3.258894331875644	104.12454515296203	438.84598587336956	413.37128937244415	21489.0	291.700933842361	662.944205331057	119.72250852245557	-0.27720054846124675	81.45478682386369	842.2712359911835	835.4950830861926	15589.0	723.948106071353	979.5528683952986	78.66454108656572	1.4754630400999913	40.805564992377015	1003.5400257562918	999.9999839589	215995.0	934.0398458205163	1085.046908672899	46.52064571706969	0.16713818907737732	0.4214280843734741	0.4886661767959595	0.5209294660514173
sub-PAT16_ses-postop_T1w	0.6016175809437222	2.151264555244975	0.6269514653856317	6209.085847746497	3.566432455900282	3.722617367700845	3.6771	3.29958	0.24060636462621915	0.3711519852876331	0.3882416500861478	1.4212182760238647	0.488870942592621	0.0	0.0172676015061879	21.998408989105908	13.235705247087513	15.512811453157356	160	256	256	4.541525022260912	11.62072643418272	11.677959075552154	18.87162577021283	51.052189550855545	112.51071837397868	100.76645626533794	138.73646087117956	1.000006079673767	1.0	1.0	7.574969915879061	4.7221643548591485	6.743757575488339	6.31701872125268	2027778.0	0.0	19.004140354692936	6.625953608610523	2.806778316197434	64.77235440081799	383.3880077416616	367.9796115607023	60899.0	284.5790391828865	544.1129570826888	81.02489549565948	0.4748302064320984	65.4019763147992	814.3084910025833	810.9671849124134	7189.0	706.5187308289111	936.9890541918576	69.78141893334036	1.5379420200013278	48.32348189805862	1003.8994774077435	999.9999888315797	200756.0	924.3019325584173	1094.8614380322397	52.98947268344659	0.17311333119869232	0.40264543890953064	0.4790394604206085	0.45516443098973
sub-PAT17_ses-postop_T1w	0.3924267489309608	3.3746164795972393	0.5889625534982843	21611.827015532544	3.4577808703611534	3.646042611083461	3.52756	3.19974	0.16716012369509212	0.42346119691552875	0.4093786793893791	1.2847615480422974	0.35156948566436763	0.013034764412278223	0.011728110033524742	34.31018643432024	14.734366820675058	17.875948050521504	160	256	256	3.729146228731927	14.613521588191022	14.512880092277323	25.195972459909022	38.456671505207524	72.38297207004253	68.05995712283732	93.34022779326193	1.0000020265579224	1.0	1.0	8.285163634221716	7.018799726355128	5.4155828964392745	4.7341084741055965	2202555.0	0.0	14.52406094968319	5.979357391080303	0.21402931594824315	103.57840372873586	435.4210074464904	412.0053239017725	15924.0	292.4644887087867	641.6325660049915	110.47901096210637	0.1535480322069427	52.12992029768614	778.0577313797347	775.4745453894138	15471.0	695.5232668388635	868.7548672165722	53.063833936685256	0.8352672541541337	35.97986655840298	998.6113764897592	999.9999812729657	184491.0	930.5510695800185	1060.6241470724344	39.688774573047446	0.178836390376091	0.4504937529563904	0.510692298412323	0.5195051289222475
sub-PAT20_ses-postop_T1w	0.46012897898725835	2.911598404066106	0.5392837088913445	5474.541968987357	3.3792022034306175	3.5543666102918525	3.47997	3.10327	0.2604789118854304	0.37701123410413223	0.36250985401043734	1.3511713743209839	0.3630558252334595	0.0	0.026225839335617715	22.856727717745315	14.234206308258521	17.47482462637062	160	256	256	5.233478610762526	15.20346826125774	13.505152457806746	20.078510501399975	33.331823971036506	75.14606428406542	67.88965602418938	95.19107981746622	1.0000009536743164	1.0	1.0	5.500882593442354	6.882642881009326	7.536044520885306	4.64227207750082	3359719.0	0.0	23.07482297345996	7.374586063452704	4.5874746347234545	47.301300584191544	361.4110270026134	350.1729545518756	68892.0	279.7651613764465	489.05198524687427	66.9096864864252	0.25476952248893703	49.52803798687103	789.9779454236506	789.4593280032277	9882.0	704.4966464906931	877.1618602909148	51.92363802245271	0.3197281137220185	47.36877747518183	1000.2132471351338	1000.0455329306424	161637.0	917.5769348479807	1082.6506684273481	49.80660489552396	0.15725065767765045	0.397884726524353	0.44877859950065613	0.5233535786590449
sub-PAT23_ses-postop_T1w	0.7707341172840757	1.7262889556465157	0.6217374668965667	4045.6602137867185	3.6286114528557225	3.8486643585671674	3.70778	3.32939	0.2707135656254863	0.3739719110417678	0.3553145233327459	1.396514654159546	0.5463846683502196	0.0	0.01107580212734168	18.464435673422326	12.081960554807749	14.926667891931631	160	256	256	4.469635342060147	14.436930036267665	11.84741916249621	16.63569210916082	42.89289479294308	95.78263064579944	83.61572145389772	112.17163892295063	0.9999988675117493	1.0	1.0	4.703013761848661	5.8407966620869445	8.52854711234277	7.879114963114262	2459819.0	0.0	23.42147872596979	7.201514876252689	1.8730376269255702	70.40960359776042	399.1442161270153	382.40690841525793	86634.0	292.06691904366016	567.9438758343458	85.55612977747971	0.3980041357962216	55.48756828982597	853.6860971464833	853.9395590331405	12652.0	754.7760402336717	950.3507842496037	59.14732626707555	0.2654309610704315	57.12779201000107	1002.4407952871114	1000.0539683662355	198690.0	907.5553173609078	1107.3394515626132	60.11480888093583	0.16437894105911255	0.39010855555534363	0.4575013220310211	0.46813186813186813
sub-PAT24_ses-postop_T1w	0.6222492602855182	2.1846404352818705	0.6033663064389583	6825.649048941444	3.5933735549166204	3.7175506647498606	3.69947	3.3631	0.26791640939926575	0.3594106991840836	0.37267289141665066	1.390654444694519	0.47476327419281006	0.0	0.02756368249108036	18.787810856373437	12.500167722856448	14.546873097767907	160	256	256	3.9217254559687733	12.31891237964742	11.374807012128192	17.88378320076838	37.76883733916486	83.32646551042286	74.63124848008114	102.79844259065572	0.9999998211860657	1.0	1.0	7.535496097731148	6.373319471761433	8.369887145488681	8.597477316856384	2733618.0	0.0	21.72988772392273	7.8713100626106005	1.6060340212037447	76.12965127257887	386.25331017843934	367.42405807971954	73219.0	267.2303801178932	571.9684360027313	93.68874826156834	0.20662596113885945	63.593121762191	809.6683720616276	810.6192898750305	9263.0	699.4331230580807	917.327210265398	65.79927739959405	0.31570916040426855	54.278270226539675	1001.3940059815127	1000.0472241640091	205143.0	911.7105066776276	1095.4225357174873	55.9190846531154	0.1682123988866806	0.4005917012691498	0.4838365316390991	0.5190873023068429
sub-PAT25_ses-postop_T1w	0.5303902424732639	2.536000420174165	0.6777959459255354	5666.393237477141	3.877781344820818	3.9908340344624538	4.05522	3.58729	0.21188201711446253	0.3845251839953264	0.40359279889021105	1.1601448059082031	0.39638526439666766	0.0	0.007593975792174154	24.889114314868316	13.481392558588402	15.551890550014871	160	256	256	3.9928906767597727	12.212962467174833	12.154205219346288	20.25676251410426	55.62593926285284	114.83428528155152	105.11943994181836	144.8980952810507	0.9999964833259583	1.0	1.0	8.863154760110174	4.521236407850868	6.632300422562932	6.0445993803441525	1753384.0	0.0	18.514989092946053	6.802472348380261	3.945540787101546	80.45378715041767	400.9816214684767	383.88651650212705	39248.0	281.2290703592822	580.5347602168099	96.14128134837908	-0.1101530567254847	66.20381882924485	792.0990781530104	792.4959890283644	7919.0	685.3758859556168	897.9279607426375	64.88564522720473	1.3737863055713913	43.83984588326824	1002.9870715028884	999.972778569907	222193.0	927.6554094068706	1088.0823443122208	49.364775226863806	0.16210141777992249	0.4147123098373413	0.4899173080921173	0.5195801029936054
sub-PAT26_ses-postop_T1w	0.6289366682247411	2.194324741059502	0.6258939703371192	5147.50487261403	3.6601200609844575	3.7964801829533714	3.80609	3.37779	0.27856808816369144	0.3637567108864323	0.3576752009498763	1.4216840267181396	0.5465312600135803	0.0	0.022770709594247426	16.92745254322755	11.377383725613747	13.62195030777282	160	256	256	4.779383268001116	10.8054442389605	11.381630699339569	18.560064591057092	48.749867007304154	105.10011768692264	95.15209016114449	131.60628578920668	0.9999973177909851	1.0	1.0	5.244278794890581	4.978002181051103	8.64024999328358	6.663567334413528	2172479.0	0.0	23.245002329349518	7.725944605849285	2.1402042312870444	62.5696581833654	384.38556750398703	370.42202600836754	107130.0	285.8102175295353	538.7959089919918	77.50378582123454	-0.11741694514537881	76.73781823712623	801.133401416332	798.5949689149857	12345.0	685.6759131550789	927.0933417916298	73.903729057747	0.5449929283457182	49.93319110838952	1001.6264670145058	1000.0000002086163	205267.0	915.3365361690521	1093.4449095726013	53.87899160844743	0.16540253162384033	0.38693517446517944	0.4726864695549011	0.48357604975894886
sub-PAT28_ses-postop_T1w	0.6152372353952229	2.0714847930301996	0.6573454281138328	10321.352906577786	3.679692272528898	3.8137168175866933	3.85478	3.37058	0.221617185783316	0.38493648537473835	0.3934463288419457	1.2943124771118164	0.5478907823562615	0.0	0.013109211706740462	23.27485551394556	13.076756897679829	15.572298280165937	160	256	256	3.385800709699999	11.399425569462865	10.866293063136213	17.813652910245775	43.79058267013662	99.22919520086661	88.4236884915453	122.25128760363269	1.0000008344650269	1.0	1.0	10.418721471142423	5.358932240880532	6.454230080821838	3.6145448684692383	1864005.0	0.0	18.145015239715576	6.629649095775366	1.3919236656887302	85.95727314372373	385.4718738542921	358.2013964653015	31722.0	261.0424304008484	596.03121972084	105.79351272761947	0.3264398315020771	66.98665301100665	814.2696272471163	811.6821956634521	7272.0	698.3372976779938	933.6694704294205	71.19888454617293	1.2501199836021053	48.87346203683045	1004.9075599853979	999.9999833106995	213013.0	922.0703959465027	1107.4965476989746	56.13658473486039	0.1810329556465149	0.42365896701812744	0.49958929419517517	0.44651387992253067
